,0,1,2,3,4,5
0,0.5, 18 , 3,https://www.avito.ru/kazan/kvartiry/studiya_18_m_35_et._1896176306,1633000,1 
1,3, 98 , 6,https://www.avito.ru/kazan/kvartiry/3-k_kvartira_98_m_614_et._1902948716,10600000,3 
2,2, 62 , 2,https://www.avito.ru/kazan/kvartiry/2-k_kvartira_62_m_213_et._1883561166,5350000,3 
3,2, 43.3 , 1,https://www.avito.ru/kazan/kvartiry/2-k_kvartira_43.3_m_15_et._1901957120,3160000,3
4,2, 44 , 1,https://www.avito.ru/kazan/kvartiry/2-k_kvartira_44_m_16_et._1863786428,3200000,3 
5,1, 35 , 1,https://www.avito.ru/kazan/kvartiry/1-k_kvartira_35_m_19_et._1946878415,2950000,3
6,3, 75 , 7,https://www.avito.ru/kazan/kvartiry/3-k_kvartira_75_m_710_et._1943183811,6900000,3 
7,1, 32 , 5,https://www.avito.ru/kazan/kvartiry/1-k_kvartira_32_m_55_et._1919552142,2690000,2 
8,1, 42 , 9,https://www.avito.ru/kazan/kvartiry/1-k_kvartira_42_m_916_et._1388589330,4780000,3 
9,4, 89.3 , 9,https://www.avito.ru/kazan/kvartiry/4-k_kvartira_89.3_m_910_et._1856740157,8300000,3 
10,1, 40 , 4,https://www.avito.ru/kazan/kvartiry/1-k_kvartira_40_m_410_et._1932166444,3800000,2 
11,3, 70.3 , 3,https://www.avito.ru/kazan/kvartiry/3-k_kvartira_70.3_m_39_et._1811499006,6300000,3 
12,3, 66 , 5,https://www.avito.ru/kazan/kvartiry/3-k_kvartira_66_m_59_et._1797792443,5150000,3
13,1, 35.7 , 1,https://www.avito.ru/kazan/kvartiry/1-k_kvartira_35.7_m_15_et._1920036578,2800000,2
14,1, 29 , 1,https://www.avito.ru/kazan/kvartiry/1-k_kvartira_29_m_19_et._1881865182,3350000,2
15,3, 97 , 16,https://www.avito.ru/kazan/kvartiry/3-k_kvartira_97_m_1616_et._1409123210,6700000,3
16,2, 58.7 , 8,https://www.avito.ru/kazan/kvartiry/2-k_kvartira_58.7_m_820_et._1849615480,4590000,2 
17,2, 63 , 13,https://www.avito.ru/kazan/kvartiry/2-k_kvartira_63_m_1319_et._1848572895,4650000,2
18,2, 51 , 9,https://www.avito.ru/kazan/kvartiry/2-k_kvartira_51_m_99_et._1850752945,3520000,2 
19,2, 59 , 4,https://www.avito.ru/kazan/kvartiry/2-k_kvartira_59_m_425_et._1920530583,4611000,3 
20,3, 81 , 1,https://www.avito.ru/kazan/kvartiry/3-k_kvartira_81_m_118_et._1826794351,4790000,2
21,1, 20.3 , 5,https://www.avito.ru/kazan/kvartiry/1-k_kvartira_20.3_m_510_et._1921925480,2150000,3
22,1, 41.2 , 15,https://www.avito.ru/kazan/kvartiry/1-k_kvartira_41.2_m_1518_et._1923729326,2590000,1
23,3, 86.8 , 3,https://www.avito.ru/kazan/kvartiry/3-k_kvartira_86.8_m_325_et._1920492474,6683600,3 
24,1, 30.8 , 7,https://www.avito.ru/kazan/kvartiry/1-k_kvartira_30.8_m_719_et._1920839052,2466000,2
25,2, 63 , 16,https://www.avito.ru/kazan/kvartiry/2-k_kvartira_63_m_1620_et._1939936621,5299999,3 
26,1, 35 , 10,https://www.avito.ru/kazan/kvartiry/1-k_kvartira_35_m_1019_et._1928097145,2770000,1
27,2, 44 , 3,https://www.avito.ru/kazan/kvartiry/2-k_kvartira_44_m_35_et._1922127659,4650000,3
28,2, 54 , 1,https://www.avito.ru/kazan/kvartiry/2-k_kvartira_54_m_110_et._1846356968,3799000,1
29,1, 19.8 , 7,https://www.avito.ru/kazan/kvartiry/1-k_kvartira_19.8_m_79_et._1923269570,1450000,2 
30,2, 65.2 , 1,https://www.avito.ru/kazan/kvartiry/2-k_kvartira_65.2_m_116_et._1922014401,4350000,2
31,0.5, 20 , 11,https://www.avito.ru/kazan/kvartiry/studiya_20_m_1112_et._1929195281,2370000,1 
32,3, 69 , 1,https://www.avito.ru/kazan/kvartiry/3-k_kvartira_69_m_19_et._1832157602,5000000,3 
33,0.5, 27 , 7,https://www.avito.ru/kazan/kvartiry/studiya_27_m_712_et._1868562472,2900000,1 
34,1, 16 , 1,https://www.avito.ru/kazan/kvartiry/1-k_kvartira_16_m_15_et._1887922917,1130000,1
35,3, 90 , 3,https://www.avito.ru/kazan/kvartiry/3-k_kvartira_90_m_310_et._1949577442,7000000,2
36,1, 45 , 5,https://www.avito.ru/kazan/kvartiry/1-k_kvartira_45_m_518_et._1915370978,4350000,2 
37,2, 54 , 11,https://www.avito.ru/kazan/kvartiry/2-k_kvartira_54_m_1122_et._1796699192,5890000,3
38,1, 36.5 , 4,https://www.avito.ru/kazan/kvartiry/1-k_kvartira_36.5_m_49_et._1927324966,3290000,2
39,1, 27.4 , 8,https://www.avito.ru/kazan/kvartiry/1-k_kvartira_27.4_m_89_et._1861168058,2990000,1 
40,1, 36 , 15,https://www.avito.ru/kazan/kvartiry/1-k_kvartira_36_m_1520_et._1927285588,3390000,2
41,0.5, 19.4 , 4,https://www.avito.ru/kazan/kvartiry/studiya_19.4_m_49_et._1926235543,1010000,2
42,2, 54 , 4,https://www.avito.ru/kazan/kvartiry/2-k_kvartira_54_m_410_et._1928310546,4770000,2 
43,1, 36 , 1,https://www.avito.ru/kazan/kvartiry/1-k_kvartira_36_m_19_et._1804752577,2900000,1 
44,2, 43 , 9,https://www.avito.ru/kazan/kvartiry/2-k_kvartira_43_m_99_et._1868148965,3500000,2 
45,1, 50 , 6,https://www.avito.ru/kazan/kvartiry/1-k_kvartira_50_m_617_et._1836634928,5000000,2
46,3, 106.3 , 6,https://www.avito.ru/kazan/kvartiry/3-k_kvartira_106.3_m_66_et._1868382240,7500000,3
47,2, 75.6 , 5,https://www.avito.ru/kazan/kvartiry/2-k_kvartira_75.6_m_510_et._1868018522,5250000,2 
48,3, 51.5 , 3,https://www.avito.ru/kazan/kvartiry/3-k_kvartira_51.5_m_39_et._1923236652,4000000,2 
49,2, 54 , 1,https://www.avito.ru/kazan/kvartiry/2-k_kvartira_54_m_110_et._1846356968,3799000,1
50,2, 52.4 , 9,https://www.avito.ru/kazan/kvartiry/2-k_kvartira_52.4_m_99_et._1903363856,3990000,3
51,1, 52.7 , 4,https://www.avito.ru/kazan/kvartiry/1-k_kvartira_52.7_m_47_et._1879763291,5900000,3
52,2, 72.2 , 16,https://www.avito.ru/kazan/kvartiry/2-k_kvartira_72.2_m_1617_et._1911865245,7600000,3
53,1, 37 , 7,https://www.avito.ru/kazan/kvartiry/1-k_kvartira_37_m_710_et._1872232171,3690000,2
54,4, 121.4 , 4,https://www.avito.ru/kazan/kvartiry/4-k_kvartira_121.4_m_410_et._1836048677,8150000,2 
55,3, 81.5 , 2,https://www.avito.ru/kazan/kvartiry/3-k_kvartira_81.5_m_29_et._1772070686,5200000,1 
56,3, 68 , 4,https://www.avito.ru/kazan/kvartiry/3-k_kvartira_68_m_49_et._1946010038,4700000,2
57,3, 79 , 3,https://www.avito.ru/kazan/kvartiry/3-k_kvartira_79_m_35_et._1892098320,5904500,2 
58,3, 61 , 1,https://www.avito.ru/kazan/kvartiry/3-k_kvartira_61_m_110_et._1926455086,4850000,3 
59,2, 51.6 , 13,https://www.avito.ru/kazan/kvartiry/2-k_kvartira_51.6_m_1319_et._1923245278,4500000,2
60,0.5, 13 , 3,https://www.avito.ru/kazan/kvartiry/studiya_13_m_35_et._1899356509,1220000,1 
61,1, 45.1 , 5,https://www.avito.ru/kazan/kvartiry/1-k_kvartira_45.1_m_518_et._1854818894,3740000,2 
62,1, 33.5 , 1,https://www.avito.ru/kazan/kvartiry/1-k_kvartira_33.5_m_112_et._1916093703,2914500,2 
63,1, 31 , 5,https://www.avito.ru/kazan/kvartiry/1-k_kvartira_31_m_518_et._1765728287,3300000,3 
64,3, 75 , 17,https://www.avito.ru/kazan/kvartiry/3-k_kvartira_75_m_1719_et._1916059708,4648760,2
65,1, 29 , 1,https://www.avito.ru/kazan/kvartiry/1-k_kvartira_29_m_19_et._1864767060,2300000,1 
66,2, 76.9 , 5,https://www.avito.ru/kazan/kvartiry/2-k_kvartira_76.9_m_55_et._1924721502,5550000,1
67,2, 42 , 9,https://www.avito.ru/kazan/kvartiry/2-k_kvartira_42_m_910_et._1917625729,3950000,3
68,1, 16 , 6,https://www.avito.ru/kazan/kvartiry/1-k_kvartira_16_m_69_et._1887728451,1540000,2 
69,1, 49 , 9,https://www.avito.ru/kazan/kvartiry/1-k_kvartira_49_m_916_et._1824532070,3690000,1
70,3, 68 , 4,https://www.avito.ru/kazan/kvartiry/3-k_kvartira_68_m_417_et._1940256280,10200000,3
71,2, 43.8 , 1,https://www.avito.ru/kazan/kvartiry/2-k_kvartira_43.8_m_15_et._1947136483,3299000,3 
72,2, 63 , 2,https://www.avito.ru/kazan/kvartiry/2-k_kvartira_63_m_218_et._1831791727,3490000,1
73,1, 46 , 8,https://www.avito.ru/kazan/kvartiry/1-k_kvartira_46_m_823_et._1866187718,5100000,3 
74,1, 29 , 5,https://www.avito.ru/kazan/kvartiry/1-k_kvartira_29_m_55_et._1896589969,2133000,1 
75,1, 47 , 5,https://www.avito.ru/kazan/kvartiry/1-k_kvartira_47_m_510_et._1883747897,5330000,3
76,2, 51.8 , 6,https://www.avito.ru/kazan/kvartiry/2-k_kvartira_51.8_m_625_et._1897011277,5350000,3
77,3, 55 , 1,https://www.avito.ru/kazan/kvartiry/3-k_kvartira_55_m_15_et._1941114185,3300000,2
78,2, 30 , 4,https://www.avito.ru/kazan/kvartiry/2-k_kvartira_30_m_45_et._1845578017,1600000,2
79,2, 69.2 , 3,https://www.avito.ru/kazan/kvartiry/2-k_kvartira_69.2_m_310_et._1936091788,6500000,2 
80,0.5, 34.4 , 16,https://www.avito.ru/kazan/kvartiry/studiya_34.4_m_1623_et._1452166173,3290000,3
81,1, 15 , 1,https://www.avito.ru/kazan/kvartiry/1-k_kvartira_15_m_19_et._1877421659,1400000,3
82,1, 15 , 3,https://www.avito.ru/kazan/kvartiry/1-k_kvartira_15_m_35_et._1907158080,1400000,1 
83,2, 50.7 , 1,https://www.avito.ru/kazan/kvartiry/2-k_kvartira_50.7_m_15_et._1891752350,6330000,3 
84,1, 33.7 , 1,https://www.avito.ru/kazan/kvartiry/1-k_kvartira_33.7_m_19_et._1938534679,2099999,1 
85,1, 35 , 9,https://www.avito.ru/kazan/kvartiry/1-k_kvartira_35_m_910_et._1889102482,3700000,2
86,1, 46 , 7,https://www.avito.ru/kazan/kvartiry/1-k_kvartira_46_m_77_et._1916906269,5990000,3 
87,2, 51.1 , 14,https://www.avito.ru/kazan/kvartiry/2-k_kvartira_51.1_m_1419_et._1463481346,3500000,1
88,4, 138 , 3,https://www.avito.ru/kazan/kvartiry/4-k_kvartira_138_m_310_et._1905950830,10800000,2
89,1, 25 , 1,https://www.avito.ru/kazan/kvartiry/1-k_kvartira_25_m_113_et._1921106907,2000000,3 
90,2, 44 , 1,https://www.avito.ru/kazan/kvartiry/2-k_kvartira_44_m_15_et._1894331065,3350000,3
91,2, 56 , 9,https://www.avito.ru/kazan/kvartiry/2-k_kvartira_56_m_910_et._1931689407,3790000,1
92,3, 156.1 , 5,https://www.avito.ru/kazan/kvartiry/3-k_kvartira_156.1_m_56_et._1899170701,9800000,3
93,1, 37 , 10,https://www.avito.ru/kazan/kvartiry/1-k_kvartira_37_m_1011_et._413254498,3450000,1
94,1, 39 , 6,https://www.avito.ru/kazan/kvartiry/1-k_kvartira_39_m_69_et._1846149863,2950000,1
95,1, 31.5 , 5,https://www.avito.ru/kazan/kvartiry/1-k_kvartira_31.5_m_55_et._1887375436,2690000,1
96,1, 35.5 , 2,https://www.avito.ru/kazan/kvartiry/1-k_kvartira_35.5_m_29_et._1895426768,3270000,2
97,2, 60 , 14,https://www.avito.ru/kazan/kvartiry/2-k_kvartira_60_m_1425_et._1910019388,5200000,3 
98,2, 58 , 22,https://www.avito.ru/kazan/kvartiry/2-k_kvartira_58_m_2226_et._1910036894,5200000,3 
99,1, 30.9 , 5,https://www.avito.ru/kazan/kvartiry/1-k_kvartira_30.9_m_55_et._1895061956,2490000,2 
100,1, 29 , 5,https://www.avito.ru/kazan/kvartiry/1-k_kvartira_29_m_55_et._1896589969,2133000,1 
101,1, 46 , 7,https://www.avito.ru/kazan/kvartiry/1-k_kvartira_46_m_77_et._1916906269,5990000,3 
102,1, 33.7 , 1,https://www.avito.ru/kazan/kvartiry/1-k_kvartira_33.7_m_19_et._1938534679,2099999,1 
103,1, 18.7 , 3,https://www.avito.ru/kazan/kvartiry/1-k_kvartira_18.7_m_35_et._1898764381,1710000,3
104,1, 22.1 , 2,https://www.avito.ru/kazan/kvartiry/1-k_kvartira_22.1_m_23_et._1784339158,1600000,2
105,2, 49 , 1,https://www.avito.ru/kazan/kvartiry/2-k_kvartira_49_m_11_et._1934581837,2099999,2 
106,1, 30.3 , 3,https://www.avito.ru/kazan/kvartiry/1-k_kvartira_30.3_m_33_et._1879754741,2050000,2
107,1, 55.7 , 17,https://www.avito.ru/kazan/kvartiry/1-k_kvartira_55.7_m_1722_et._1858925247,6280000,3 
108,2, 83 , 6,https://www.avito.ru/kazan/kvartiry/2-k_kvartira_83_m_618_et._1930782167,5649000,3
109,1, 30.5 , 1,https://www.avito.ru/kazan/kvartiry/1-k_kvartira_30.5_m_12_et._1945399873,2198000,2 
110,1, 30 , 4,https://www.avito.ru/kazan/kvartiry/1-k_kvartira_30_m_45_et._1929111969,2950000,2 
111,3, 70 , 2,https://www.avito.ru/kazan/kvartiry/3-k_kvartira_70_m_210_et._1924426400,5570000,2
112,1, 34.2 , 4,https://www.avito.ru/kazan/kvartiry/1-k_kvartira_34.2_m_45_et._1908760609,3500000,1 
113,3, 72.5 , 5,https://www.avito.ru/kazan/kvartiry/3-k_kvartira_72.5_m_59_et._1939621541,5500000,2 
114,4, 66 , 5,https://www.avito.ru/kazan/kvartiry/4-k_kvartira_66_m_55_et._1938930223,4160000,2
115,3, 97 , 4,https://www.avito.ru/kazan/kvartiry/3-k_kvartira_97_m_412_et._1913835896,9100000,3 
116,1, 30 , 16,https://www.avito.ru/kazan/kvartiry/1-k_kvartira_30_m_1619_et._1909709077,2880000,2
117,5, 155 , 3,https://www.avito.ru/kazan/kvartiry/5-k_kvartira_155_m_35_et._1936891109,14500000,3 
118,2, 80 , 5,https://www.avito.ru/kazan/kvartiry/2-k_kvartira_80_m_510_et._828978108,7500000,3 
119,1, 30.3 , 16,https://www.avito.ru/kazan/kvartiry/1-k_kvartira_30.3_m_1620_et._1860383124,2710000,2
120,1, 33 , 1,https://www.avito.ru/kazan/kvartiry/1-k_kvartira_33_m_19_et._1942313296,3150000,2 
121,2, 46 , 3,https://www.avito.ru/kazan/kvartiry/2-k_kvartira_46_m_35_et._1929503449,3400000,3 
122,2, 68 , 7,https://www.avito.ru/kazan/kvartiry/2-k_kvartira_68_m_719_et._1828197198,6200000,3 
123,1, 27 , 11,https://www.avito.ru/kazan/kvartiry/1-k_kvartira_27_m_1112_et._1827833883,2800000,1 
124,2, 51 , 8,https://www.avito.ru/kazan/kvartiry/2-k_kvartira_51_m_89_et._1942587113,3999000,3
125,3, 96 , 10,https://www.avito.ru/kazan/kvartiry/3-k_kvartira_96_m_1014_et._1920934844,7000000,2
126,1, 45 , 6,https://www.avito.ru/kazan/kvartiry/1-k_kvartira_45_m_610_et._1863477960,4500000,2 
127,2, 56 , 2,https://www.avito.ru/kazan/kvartiry/2-k_kvartira_56_m_219_et._1899520802,5160000,2
128,2, 48 , 2,https://www.avito.ru/kazan/kvartiry/2-k_kvartira_48_m_23_et._1895011650,2880000,1
129,1, 31.1 , 6,https://www.avito.ru/kazan/kvartiry/1-k_kvartira_31.1_m_69_et._1937302934,2620000,2 
130,1, 36 , 11,https://www.avito.ru/kazan/kvartiry/1-k_kvartira_36_m_1120_et._1921450123,2300000,1
131,3, 62 , 1,https://www.avito.ru/kazan/kvartiry/3-k_kvartira_62_m_15_et._1919256881,2690000,1
132,2, 61 , 13,https://www.avito.ru/kazan/kvartiry/2-k_kvartira_61_m_1318_et._1936915542,10690000,3
133,2, 62 , 4,https://www.avito.ru/kazan/kvartiry/2-k_kvartira_62_m_417_et._1904183154,6950000,3
134,2, 40 , 14,https://www.avito.ru/kazan/kvartiry/2-k_kvartira_40_m_1416_et._1894025920,4600000,2 
135,0.5, 20 , 1,https://www.avito.ru/kazan/kvartiry/studiya_20_m_19_et._1927760280,1330000,2 
136,2, 61 , 16,https://www.avito.ru/kazan/kvartiry/2-k_kvartira_61_m_1618_et._1915145933,6500000,3 
137,3, 99 , 2,https://www.avito.ru/kazan/kvartiry/3-k_kvartira_99_m_25_et._1947193974,6250000,2 
138,2, 46 , 12,https://www.avito.ru/kazan/kvartiry/2-k_kvartira_46_m_1219_et._1943972421,4500000,2
139,2, 56 , 1,https://www.avito.ru/kazan/kvartiry/2-k_kvartira_56_m_13_et._1947348633,4300000,2
140,3, 103 , 3,https://www.avito.ru/kazan/kvartiry/3-k_kvartira_103_m_37_et._1851521321,9950000,3
141,2, 45 , 1,https://www.avito.ru/kazan/kvartiry/2-k_kvartira_45_m_15_et._1834864952,2580000,2 
142,2, 64 , 3,https://www.avito.ru/kazan/kvartiry/2-k_kvartira_64_m_310_et._1937684660,6860000,2
143,1, 28 , 1,https://www.avito.ru/kazan/kvartiry/1-k_kvartira_28_m_15_et._1852962498,1999965,1 
144,2, 60 , 4,https://www.avito.ru/kazan/kvartiry/2-k_kvartira_60_m_419_et._1946667718,3160000,2
145,2, 50.2 , 6,https://www.avito.ru/kazan/kvartiry/2-k_kvartira_50.2_m_68_et._1919719811,4999999,3 
146,3, 62 , 1,https://www.avito.ru/kazan/kvartiry/3-k_kvartira_62_m_15_et._1942405274,3900000,2
147,1, 21 , 3,https://www.avito.ru/kazan/kvartiry/1-k_kvartira_21_m_33_et._1890227595,1500000,1 
148,1, 54 , 13,https://www.avito.ru/kazan/kvartiry/1-k_kvartira_54_m_1317_et._1930055784,4250000,2
149,4, 160 , 2,https://www.avito.ru/kazan/kvartiry/4-k_kvartira_160_m_23_et._1941482825,13000000,3
150,3, 68 , 1,https://www.avito.ru/kazan/kvartiry/3-k_kvartira_68_m_19_et._1904605620,5400000,2
151,1, 31.3 , 3,https://www.avito.ru/kazan/kvartiry/1-k_kvartira_31.3_m_33_et._1937066950,2070000,2
152,3, 74 , 11,https://www.avito.ru/kazan/kvartiry/3-k_kvartira_74_m_1116_et._1878433005,5700000,2
153,1, 36 , 11,https://www.avito.ru/kazan/kvartiry/1-k_kvartira_36_m_1120_et._1921450123,2300000,1
154,2, 40 , 14,https://www.avito.ru/kazan/kvartiry/2-k_kvartira_40_m_1416_et._1894025920,4600000,2 
155,1, 28 , 1,https://www.avito.ru/kazan/kvartiry/1-k_kvartira_28_m_15_et._1852962498,1999965,1 
156,3, 153.6 , 13,https://www.avito.ru/kazan/kvartiry/3-k_kvartira_153.6_m_1315_et._1882006128,18621400,3 
157,3, 63.8 , 8,https://www.avito.ru/kazan/kvartiry/3-k_kvartira_63.8_m_89_et._1924706621,4880000,2
158,1, 31 , 3,https://www.avito.ru/kazan/kvartiry/1-k_kvartira_31_m_35_et._1910324743,2800000,3
159,2, 68 , 2,https://www.avito.ru/kazan/kvartiry/2-k_kvartira_68_m_225_et._1517335602,5700000,3
160,1, 19.9 , 2,https://www.avito.ru/kazan/kvartiry/1-k_kvartira_19.9_m_25_et._1831173857,1350000,1
161,2, 46 , 8,https://www.avito.ru/kazan/kvartiry/2-k_kvartira_46_m_89_et._1907671783,3800000,2 
162,1, 38 , 18,https://www.avito.ru/kazan/kvartiry/1-k_kvartira_38_m_1823_et._1946040039,3490000,2
163,1, 30 , 1,https://www.avito.ru/kazan/kvartiry/1-k_kvartira_30_m_15_et._1935770817,2700000,3
164,2, 68 , 2,https://www.avito.ru/kazan/kvartiry/2-k_kvartira_68_m_211_et._1925985727,6600000,3 
165,1, 39.9 , 6,https://www.avito.ru/kazan/kvartiry/1-k_kvartira_39.9_m_610_et._1856024546,3189000,2 
166,0.5, 33 , 2,https://www.avito.ru/kazan/kvartiry/studiya_33_m_219_et._1889225635,2890000,2
167,1, 38.6 , 2,https://www.avito.ru/kazan/kvartiry/1-k_kvartira_38.6_m_29_et._1944743865,3200000,2 
168,1, 38 , 1,https://www.avito.ru/kazan/kvartiry/1-k_kvartira_38_m_19_et._1924079717,2799000,2
169,2, 72.3 , 18,https://www.avito.ru/kazan/kvartiry/2-k_kvartira_72.3_m_1823_et._1899145549,7700000,3 
170,2, 62 , 16,https://www.avito.ru/kazan/kvartiry/2-k_kvartira_62_m_1618_et._1834299531,6100000,2 
171,1, 17 , 5,https://www.avito.ru/kazan/kvartiry/1-k_kvartira_17_m_55_et._1863292753,1660000,2
172,2, 43 , 2,https://www.avito.ru/kazan/kvartiry/2-k_kvartira_43_m_25_et._1932385175,3050000,3
173,3, 58 , 4,https://www.avito.ru/kazan/kvartiry/3-k_kvartira_58_m_49_et._1900288032,4850000,3
174,1, 35 , 8,https://www.avito.ru/kazan/kvartiry/1-k_kvartira_35_m_810_et._1777877651,2970000,2
175,1, 40 , 9,https://www.avito.ru/kazan/kvartiry/1-k_kvartira_40_m_919_et._1860748598,4200000,2
176,2, 79 , 2,https://www.avito.ru/kazan/kvartiry/2-k_kvartira_79_m_29_et._1924894105,7050000,3
177,1, 16 , 9,https://www.avito.ru/kazan/kvartiry/1-k_kvartira_16_m_910_et._1887777234,1540000,1 
178,3, 82 , 7,https://www.avito.ru/kazan/kvartiry/3-k_kvartira_82_m_710_et._1777506942,6100000,2
179,3, 107 , 2,https://www.avito.ru/kazan/kvartiry/3-k_kvartira_107_m_210_et._1809338460,7840000,2
180,3, 78.5 , 2,https://www.avito.ru/kazan/kvartiry/3-k_kvartira_78.5_m_27_et._1892325235,7050000,3
181,2, 65 , 12,https://www.avito.ru/kazan/kvartiry/2-k_kvartira_65_m_1222_et._1914230763,6500000,3 
182,2, 68 , 7,https://www.avito.ru/kazan/kvartiry/2-k_kvartira_68_m_79_et._1874743311,4999999,2
183,2, 41.3 , 9,https://www.avito.ru/kazan/kvartiry/2-k_kvartira_41.3_m_99_et._1936706491,2810000,2
184,2, 93 , 3,https://www.avito.ru/kazan/kvartiry/2-k_kvartira_93_m_310_et._1722416171,5399999,2
185,2, 55.2 , 3,https://www.avito.ru/kazan/kvartiry/2-k_kvartira_55.2_m_318_et._1870184936,6300000,2 
186,2, 44.5 , 4,https://www.avito.ru/kazan/kvartiry/2-k_kvartira_44.5_m_419_et._1935570806,3499000,2
187,1, 18 , 2,https://www.avito.ru/kazan/kvartiry/1-k_kvartira_18_m_25_et._1895170064,1450000,3 
188,1, 38 , 2,https://www.avito.ru/kazan/kvartiry/1-k_kvartira_38_m_210_et._1920312085,4950000,2
189,2, 43 , 7,https://www.avito.ru/kazan/kvartiry/2-k_kvartira_43_m_79_et._1949809489,2600000,3 
190,0.5, 24 , 3,https://www.avito.ru/kazan/kvartiry/studiya_24_m_35_et._1945688167,1050000,2
191,2, 45.6 , 1,https://www.avito.ru/kazan/kvartiry/2-k_kvartira_45.6_m_15_et._1891346504,2998000,1 
192,3, 96 , 3,https://www.avito.ru/kazan/kvartiry/3-k_kvartira_96_m_316_et._1942490475,11200000,3 
193,2, 65 , 11,https://www.avito.ru/kazan/kvartiry/2-k_kvartira_65_m_1119_et._1939578275,5200000,2 
194,1, 17 , 3,https://www.avito.ru/kazan/kvartiry/1-k_kvartira_17_m_35_et._1898395502,1559000,3
195,1, 33.5 , 2,https://www.avito.ru/kazan/kvartiry/1-k_kvartira_33.5_m_210_et._1905601979,2950000,2
196,2, 52.6 , 2,https://www.avito.ru/kazan/kvartiry/2-k_kvartira_52.6_m_210_et._1905082155,3900000,2
197,1, 26.1 , 3,https://www.avito.ru/kazan/kvartiry/1-k_kvartira_26.1_m_319_et._1905553393,2610000,2
198,2, 48.4 , 8,https://www.avito.ru/kazan/kvartiry/2-k_kvartira_48.4_m_819_et._1905250745,3960000,2
199,1, 51.5 , 7,https://www.avito.ru/kazan/kvartiry/1-k_kvartira_51.5_m_720_et._1206398728,7244643,3 
200,3, 75.9 , 2,https://www.avito.ru/kazan/kvartiry/3-k_kvartira_75.9_m_210_et._1904990663,4980000,2
201,3, 95.5 , 2,https://www.avito.ru/kazan/kvartiry/3-k_kvartira_95.5_m_210_et._1905520626,5810000,2
202,1, 15.9 , 2,https://www.avito.ru/kazan/kvartiry/1-k_kvartira_15.9_m_24_et._1914580355,1210000,2 
203,3, 73.1 , 19,https://www.avito.ru/kazan/kvartiry/3-k_kvartira_73.1_m_1919_et._1916097964,4456660,2
204,2, 51.7 , 7,https://www.avito.ru/kazan/kvartiry/2-k_kvartira_51.7_m_719_et._1932246598,2860000,1
205,0.5, 30 , 2,https://www.avito.ru/kazan/kvartiry/studiya_30_m_219_et._1856686410,1680000,1
206,0.5, 33 , 2,https://www.avito.ru/kazan/kvartiry/studiya_33_m_219_et._1889225635,2890000,2
207,2, 62 , 16,https://www.avito.ru/kazan/kvartiry/2-k_kvartira_62_m_1618_et._1834299531,6100000,2 
208,2, 68 , 7,https://www.avito.ru/kazan/kvartiry/2-k_kvartira_68_m_79_et._1874743311,4999999,2
209,2, 45.6 , 1,https://www.avito.ru/kazan/kvartiry/2-k_kvartira_45.6_m_15_et._1891346504,2998000,1 
210,0.5, 18 , 4,https://www.avito.ru/kazan/kvartiry/studiya_18_m_49_et._1946002031,1640000,2
211,2, 51.4 , 7,https://www.avito.ru/kazan/kvartiry/2-k_kvartira_51.4_m_725_et._1945990660,3883572,2
212,3, 68.7 , 7,https://www.avito.ru/kazan/kvartiry/3-k_kvartira_68.7_m_79_et._1860593228,5790000,2 
213,3, 116 , 3,https://www.avito.ru/kazan/kvartiry/3-k_kvartira_116_m_315_et._1943906320,8500000,3
214,2, 62.4 , 2,https://www.avito.ru/kazan/kvartiry/2-k_kvartira_62.4_m_23_et._1940017984,3450000,2
215,1, 37 , 12,https://www.avito.ru/kazan/kvartiry/1-k_kvartira_37_m_1222_et._1947613402,3600000,2 
216,2, 51.1 , 2,https://www.avito.ru/kazan/kvartiry/2-k_kvartira_51.1_m_225_et._1932367620,2782650,1
217,3, 99.9 , 9,https://www.avito.ru/kazan/kvartiry/3-k_kvartira_99.9_m_910_et._1870237364,5990000,2
218,1, 38 , 9,https://www.avito.ru/kazan/kvartiry/1-k_kvartira_38_m_910_et._1898000550,3690000,2
219,3, 96 , 16,https://www.avito.ru/kazan/kvartiry/3-k_kvartira_96_m_1616_et._1891217323,8200000,2 
220,1, 38 , 1,https://www.avito.ru/kazan/kvartiry/1-k_kvartira_38_m_114_et._1834640180,2500000,2
221,1, 35 , 3,https://www.avito.ru/kazan/kvartiry/1-k_kvartira_35_m_35_et._1937760960,2410000,1 
222,2, 53.9 , 14,https://www.avito.ru/kazan/kvartiry/2-k_kvartira_53.9_m_1425_et._1932806268,2966420,1
223,1, 50 , 9,https://www.avito.ru/kazan/kvartiry/1-k_kvartira_50_m_910_et._1870677405,4440000,3 
224,2, 46 , 5,https://www.avito.ru/kazan/kvartiry/2-k_kvartira_46_m_512_et._1895885941,4050000,1 
225,2, 66 , 2,https://www.avito.ru/kazan/kvartiry/2-k_kvartira_66_m_210_et._1948978566,5999999,2 
226,1, 40.8 , 13,https://www.avito.ru/kazan/kvartiry/1-k_kvartira_40.8_m_1318_et._1860113659,2700000,1
227,3, 90 , 3,https://www.avito.ru/kazan/kvartiry/3-k_kvartira_90_m_35_et._1946785420,6000000,2
228,1, 38 , 7,https://www.avito.ru/kazan/kvartiry/1-k_kvartira_38_m_721_et._1896628519,3550000,2 
229,2, 51.7 , 6,https://www.avito.ru/kazan/kvartiry/2-k_kvartira_51.7_m_616_et._1946523452,2910000,1
230,3, 76 , 17,https://www.avito.ru/kazan/kvartiry/3-k_kvartira_76_m_1719_et._1873285998,4450000,2
231,4, 86 , 1,https://www.avito.ru/kazan/kvartiry/4-k_kvartira_86_m_19_et._1887090649,5199999,2 
232,3, 65.9 , 3,https://www.avito.ru/kazan/kvartiry/3-k_kvartira_65.9_m_33_et._1869989892,3000000,1 
233,2, 67 , 8,https://www.avito.ru/kazan/kvartiry/2-k_kvartira_67_m_810_et._1935558427,7000000,3 
234,1, 33.5 , 3,https://www.avito.ru/kazan/kvartiry/1-k_kvartira_33.5_m_310_et._1943928513,2900000,2
235,1, 32 , 1,https://www.avito.ru/kazan/kvartiry/1-k_kvartira_32_m_19_et._1895621331,2880000,3 
236,2, 48.5 , 6,https://www.avito.ru/kazan/kvartiry/2-k_kvartira_48.5_m_68_et._1946154857,3749000,1 
237,5, 162.5 , 3,https://www.avito.ru/kazan/kvartiry/5-k_kvartira_162.5_m_36_et._1887436755,19999999,4
238,3, 75 , 8,https://www.avito.ru/kazan/kvartiry/3-k_kvartira_75_m_820_et._1876192744,4650000,2
239,0.5, 18 , 1,https://www.avito.ru/kazan/kvartiry/studiya_18_m_110_et._1928329648,1490000,2
240,1, 16 , 1,https://www.avito.ru/kazan/kvartiry/1-k_kvartira_16_m_19_et._1886319920,1650000,3
241,3, 84 , 10,https://www.avito.ru/kazan/kvartiry/3-k_kvartira_84_m_1010_et._1918833831,7500000,2 
242,1, 42 , 12,https://www.avito.ru/kazan/kvartiry/1-k_kvartira_42_m_1212_et._1943107377,3650000,2 
243,1, 37 , 8,https://www.avito.ru/kazan/kvartiry/1-k_kvartira_37_m_89_et._1890303337,3200000,1
244,1, 32 , 5,https://www.avito.ru/kazan/kvartiry/1-k_kvartira_32_m_519_et._1920905062,2900000,2
245,2, 55.7 , 6,https://www.avito.ru/kazan/kvartiry/2-k_kvartira_55.7_m_610_et._1902165975,4500000,2 
246,0.5, 18 , 1,https://www.avito.ru/kazan/kvartiry/studiya_18_m_110_et._1920017576,1650000,3 
247,1, 35 , 5,https://www.avito.ru/kazan/kvartiry/1-k_kvartira_35_m_59_et._1941067192,3100000,2 
248,4, 125 , 20,https://www.avito.ru/kazan/kvartiry/4-k_kvartira_125_m_2023_et._1946246655,11300000,3 
249,0.5, 14 , 3,https://www.avito.ru/kazan/kvartiry/studiya_14_m_35_et._1910152908,1130000,1 
250,3, 102 , 5,https://www.avito.ru/kazan/kvartiry/3-k_kvartira_102_m_519_et._1936983303,8340000,2
251,3, 80 , 14,https://www.avito.ru/kazan/kvartiry/3-k_kvartira_80_m_1420_et._1924296537,7800000,2 
252,1, 34 , 7,https://www.avito.ru/kazan/kvartiry/1-k_kvartira_34_m_710_et._1935231612,4550000,2
253,0.5, 31 , 18,https://www.avito.ru/kazan/kvartiry/studiya_31_m_1820_et._1940760652,2600000,2
254,1, 32 , 3,https://www.avito.ru/kazan/kvartiry/1-k_kvartira_32_m_319_et._1192826578,2970000,2
255,1, 38 , 1,https://www.avito.ru/kazan/kvartiry/1-k_kvartira_38_m_110_et._1861886705,2550000,1
256,1, 35.9 , 5,https://www.avito.ru/kazan/kvartiry/1-k_kvartira_35.9_m_524_et._1946544472,2050000,1
257,0.5, 31 , 14,https://www.avito.ru/kazan/kvartiry/studiya_31_m_1419_et._1919316603,2056000,2
258,1, 19.5 , 2,https://www.avito.ru/kazan/kvartiry/1-k_kvartira_19.5_m_29_et._1945080569,1120000,3 
259,3, 100 , 6,https://www.avito.ru/kazan/kvartiry/3-k_kvartira_100_m_67_et._1228137743,13500000,3 
260,1, 51.5 , 7,https://www.avito.ru/kazan/kvartiry/1-k_kvartira_51.5_m_720_et._1206398728,7244643,3 
261,3, 73.1 , 19,https://www.avito.ru/kazan/kvartiry/3-k_kvartira_73.1_m_1919_et._1916097964,4456660,2
262,2, 52 , 4,https://www.avito.ru/kazan/kvartiry/2-k_kvartira_52_m_49_et._1915065802,4500000,3
263,2, 43 , 4,https://www.avito.ru/kazan/kvartiry/2-k_kvartira_43_m_45_et._1929736258,3199000,3
264,2, 44 , 5,https://www.avito.ru/kazan/kvartiry/2-k_kvartira_44_m_55_et._1897831469,3500000,3
265,0.5, 29 , 18,https://www.avito.ru/kazan/kvartiry/studiya_29_m_1824_et._1946462619,1740000,1
266,3, 89 , 2,https://www.avito.ru/kazan/kvartiry/3-k_kvartira_89_m_25_et._1946157592,6199999,2
267,1, 34 , 7,https://www.avito.ru/kazan/kvartiry/1-k_kvartira_34_m_710_et._1941880836,3300000,2
268,1, 17 , 5,https://www.avito.ru/kazan/kvartiry/1-k_kvartira_17_m_55_et._1916606119,1600000,2
269,1, 41.2 , 15,https://www.avito.ru/kazan/kvartiry/1-k_kvartira_41.2_m_1518_et._1923862375,2450000,1
270,1, 42 , 7,https://www.avito.ru/kazan/kvartiry/1-k_kvartira_42_m_719_et._1860539571,4600000,3 
271,2, 79.8 , 4,https://www.avito.ru/kazan/kvartiry/2-k_kvartira_79.8_m_410_et._1902750613,7650000,3
272,1, 12 , 4,https://www.avito.ru/kazan/kvartiry/1-k_kvartira_12_m_49_et._1933651881,870000,3 
273,4, 75.8 , 4,https://www.avito.ru/kazan/kvartiry/4-k_kvartira_75.8_m_49_et._1930111009,7400000,3 
274,1, 28 , 3,https://www.avito.ru/kazan/kvartiry/1-k_kvartira_28_m_33_et._1708330830,2300000,2
275,2, 45 , 5,https://www.avito.ru/kazan/kvartiry/2-k_kvartira_45_m_55_et._1945201926,3149000,2 
276,2, 65 , 10,https://www.avito.ru/kazan/kvartiry/2-k_kvartira_65_m_1010_et._1934263401,6500000,2 
277,1, 14 , 4,https://www.avito.ru/kazan/kvartiry/1-k_kvartira_14_m_45_et._1831563837,590000,2
278,1, 36 , 2,https://www.avito.ru/kazan/kvartiry/1-k_kvartira_36_m_210_et._1902507008,3250000,3 
279,1, 39.6 , 13,https://www.avito.ru/kazan/kvartiry/1-k_kvartira_39.6_m_1316_et._1946622222,2385000,1
280,1, 38.9 , 20,https://www.avito.ru/kazan/kvartiry/1-k_kvartira_38.9_m_2021_et._1888775647,3637484,2 
281,1, 32 , 4,https://www.avito.ru/kazan/kvartiry/1-k_kvartira_32_m_44_et._1911165557,2150000,1 
282,2, 49.1 , 2,https://www.avito.ru/kazan/kvartiry/2-k_kvartira_49.1_m_29_et._1924330018,4180000,3
283,1, 44 , 7,https://www.avito.ru/kazan/kvartiry/1-k_kvartira_44_m_718_et._1896648850,5790000,3 
284,2, 44 , 3,https://www.avito.ru/kazan/kvartiry/2-k_kvartira_44_m_33_et._1895031504,3750000,3 
285,2, 42 , 1,https://www.avito.ru/kazan/kvartiry/2-k_kvartira_42_m_15_et._1891411197,2880000,1
286,1, 33 , 5,https://www.avito.ru/kazan/kvartiry/1-k_kvartira_33_m_55_et._1818827943,1970000,1
287,1, 36.8 , 12,https://www.avito.ru/kazan/kvartiry/1-k_kvartira_36.8_m_1216_et._1946562289,2370000,1
288,2, 55.2 , 3,https://www.avito.ru/kazan/kvartiry/2-k_kvartira_55.2_m_35_et._1824183832,3140311,2
289,4, 180 , 7,https://www.avito.ru/kazan/kvartiry/4-k_kvartira_180_m_77_et._1819773698,27000000,3
290,3, 86 , 2,https://www.avito.ru/kazan/kvartiry/3-k_kvartira_86_m_220_et._1898612640,5600000,3
291,1, 32.9 , 10,https://www.avito.ru/kazan/kvartiry/1-k_kvartira_32.9_m_1019_et._1916122706,3385610,2
292,3, 67.2 , 5,https://www.avito.ru/kazan/kvartiry/3-k_kvartira_67.2_m_510_et._1834001914,5200000,3 
293,3, 70.6 , 6,https://www.avito.ru/kazan/kvartiry/3-k_kvartira_70.6_m_619_et._1945937283,3499999,2
294,5, 150 , 19,https://www.avito.ru/kazan/kvartiry/5-k_kvartira_150_m_1920_et._1932134325,15460000,3 
295,1, 17 , 8,https://www.avito.ru/kazan/kvartiry/1-k_kvartira_17_m_89_et._1891931862,1390000,2
296,1, 25 , 6,https://www.avito.ru/kazan/kvartiry/1-k_kvartira_25_m_619_et._1946715555,1733940,2
297,2, 45.2 , 19,https://www.avito.ru/kazan/kvartiry/2-k_kvartira_45.2_m_1919_et._1762376250,2990000,2
298,3, 93 , 3,https://www.avito.ru/kazan/kvartiry/3-k_kvartira_93_m_33_et._1941805142,6990000,2 
299,3, 67.8 , 1,https://www.avito.ru/kazan/kvartiry/3-k_kvartira_67.8_m_19_et._1858374413,4700000,3
300,2, 49 , 5,https://www.avito.ru/kazan/kvartiry/2-k_kvartira_49_m_55_et._1891060248,3670000,2
301,3, 64.3 , 6,https://www.avito.ru/kazan/kvartiry/3-k_kvartira_64.3_m_69_et._1914631412,4300000,1 
302,2, 70 , 7,https://www.avito.ru/kazan/kvartiry/2-k_kvartira_70_m_710_et._1927480360,6500000,2 
303,1, 24.9 , 5,https://www.avito.ru/kazan/kvartiry/1-k_kvartira_24.9_m_59_et._1182967639,943000,3 
304,2, 65.5 , 3,https://www.avito.ru/kazan/kvartiry/2-k_kvartira_65.5_m_35_et._1015530976,2200000,2
305,3, 125.6 , 10,https://www.avito.ru/kazan/kvartiry/3-k_kvartira_125.6_m_1010_et._1945557558,7450000,2
306,2, 55.8 , 10,https://www.avito.ru/kazan/kvartiry/2-k_kvartira_55.8_m_1011_et._1528393355,4680000,3 
307,2, 54 , 10,https://www.avito.ru/kazan/kvartiry/2-k_kvartira_54_m_1017_et._1854711709,3750000,2
308,2, 41 , 1,https://www.avito.ru/kazan/kvartiry/2-k_kvartira_41_m_15_et._1949578364,2900000,3 
309,3, 68.5 , 5,https://www.avito.ru/kazan/kvartiry/3-k_kvartira_68.5_m_517_et._1886409177,4130000,2
310,1, 43 , 14,https://www.avito.ru/kazan/kvartiry/1-k_kvartira_43_m_1426_et._1942578325,4100000,3
311,1, 35.2 , 8,https://www.avito.ru/kazan/kvartiry/1-k_kvartira_35.2_m_817_et._1854310047,2600000,2
312,1, 36.9 , 3,https://www.avito.ru/kazan/kvartiry/1-k_kvartira_36.9_m_310_et._1892743336,3200000,2 
313,2, 63 , 9,https://www.avito.ru/kazan/kvartiry/2-k_kvartira_63_m_917_et._1888378690,5550000,2
314,3, 130 , 3,https://www.avito.ru/kazan/kvartiry/3-k_kvartira_130_m_35_et._1881690025,24350000,4
315,1, 51 , 13,https://www.avito.ru/kazan/kvartiry/1-k_kvartira_51_m_1320_et._1924537993,4990000,3 
316,2, 47 , 9,https://www.avito.ru/kazan/kvartiry/2-k_kvartira_47_m_919_et._1854341208,3280000,2
317,1, 29.3 , 7,https://www.avito.ru/kazan/kvartiry/1-k_kvartira_29.3_m_717_et._1854670903,2385000,2
318,1, 30.2 , 9,https://www.avito.ru/kazan/kvartiry/1-k_kvartira_30.2_m_919_et._1854330184,2315000,2
319,3, 73.1 , 8,https://www.avito.ru/kazan/kvartiry/3-k_kvartira_73.1_m_819_et._1854404796,4140000,2
320,1, 34 , 9,https://www.avito.ru/kazan/kvartiry/1-k_kvartira_34_m_99_et._1941447999,2899000,2 
321,1, 48 , 5,https://www.avito.ru/kazan/kvartiry/1-k_kvartira_48_m_55_et._563017564,5280000,3 
322,2, 55 , 2,https://www.avito.ru/kazan/kvartiry/2-k_kvartira_55_m_214_et._1867817847,3620000,2 
323,1, 38 , 10,https://www.avito.ru/kazan/kvartiry/1-k_kvartira_38_m_1011_et._1924473931,2800000,2
324,1, 48 , 2,https://www.avito.ru/kazan/kvartiry/1-k_kvartira_48_m_23_et._1069114045,2800000,2
325,1, 37 , 1,https://www.avito.ru/kazan/kvartiry/1-k_kvartira_37_m_19_et._1925149886,2980000,2
326,2, 53.6 , 2,https://www.avito.ru/kazan/kvartiry/2-k_kvartira_53.6_m_214_et._1888501904,4100000,2
327,0.5, 32 , 17,https://www.avito.ru/kazan/kvartiry/studiya_32_m_1719_et._1868315544,2250000,2
328,2, 50 , 6,https://www.avito.ru/kazan/kvartiry/2-k_kvartira_50_m_69_et._1895931164,3420000,3
329,2, 56.1 , 4,https://www.avito.ru/kazan/kvartiry/2-k_kvartira_56.1_m_49_et._1946632438,4300000,2
330,1, 30 , 4,https://www.avito.ru/kazan/kvartiry/1-k_kvartira_30_m_45_et._1942516012,2590000,3
331,2, 62 , 7,https://www.avito.ru/kazan/kvartiry/2-k_kvartira_62_m_718_et._1943329584,3780000,1
332,5, 172 , 2,https://www.avito.ru/kazan/kvartiry/5-k_kvartira_172_m_25_et._1818012208,15500000,3 
333,1, 31.5 , 7,https://www.avito.ru/kazan/kvartiry/1-k_kvartira_31.5_m_719_et._1787465658,2913650,2
334,2, 57 , 15,https://www.avito.ru/kazan/kvartiry/2-k_kvartira_57_m_1517_et._1900946171,6490000,3 
335,2, 45.9 , 10,https://www.avito.ru/kazan/kvartiry/2-k_kvartira_45.9_m_1022_et._1851108782,3760000,2
336,1, 39.4 , 10,https://www.avito.ru/kazan/kvartiry/1-k_kvartira_39.4_m_1010_et._1824800248,4350000,3
337,1, 28 , 2,https://www.avito.ru/kazan/kvartiry/1-k_kvartira_28_m_23_et._1784806442,1950000,2
338,0.5, 32.1 , 10,https://www.avito.ru/kazan/kvartiry/studiya_32.1_m_1024_et._1851375990,2810000,2
339,1, 45 , 16,https://www.avito.ru/kazan/kvartiry/1-k_kvartira_45_m_1619_et._1888593436,4474680,2
340,2, 64 , 13,https://www.avito.ru/kazan/kvartiry/2-k_kvartira_64_m_1317_et._1924522450,4699000,2
341,2, 56.3 , 10,https://www.avito.ru/kazan/kvartiry/2-k_kvartira_56.3_m_1024_et._1851746260,4390000,2
342,2, 56.9 , 10,https://www.avito.ru/kazan/kvartiry/2-k_kvartira_56.9_m_1019_et._1787330277,4500000,2
343,2, 41 , 5,https://www.avito.ru/kazan/kvartiry/2-k_kvartira_41_m_55_et._1833477550,2950000,1
344,3, 81.3 , 6,https://www.avito.ru/kazan/kvartiry/3-k_kvartira_81.3_m_617_et._1819257568,6504800,2
345,1, 39.8 , 3,https://www.avito.ru/kazan/kvartiry/1-k_kvartira_39.8_m_319_et._1851871555,3500000,2
346,2, 59.8 , 8,https://www.avito.ru/kazan/kvartiry/2-k_kvartira_59.8_m_822_et._1947206089,4950000,2
347,2, 75 , 7,https://www.avito.ru/kazan/kvartiry/2-k_kvartira_75_m_710_et._1866203828,5990000,2 
348,3, 86 , 17,https://www.avito.ru/kazan/kvartiry/3-k_kvartira_86_m_1718_et._1321354904,5700000,2
349,2, 43 , 2,https://www.avito.ru/kazan/kvartiry/2-k_kvartira_43_m_23_et._1919803182,3150000,2
350,3, 82.5 , 10,https://www.avito.ru/kazan/kvartiry/3-k_kvartira_82.5_m_1010_et._1866005652,7990000,2
351,2, 46 , 7,https://www.avito.ru/kazan/kvartiry/2-k_kvartira_46_m_712_et._1943903608,3590000,1 
352,2, 54.2 , 7,https://www.avito.ru/kazan/kvartiry/2-k_kvartira_54.2_m_79_et._1831574034,4250000,2 
353,1, 29 , 15,https://www.avito.ru/kazan/kvartiry/1-k_kvartira_29_m_1519_et._1912286446,2700000,2
354,3, 61 , 2,https://www.avito.ru/kazan/kvartiry/3-k_kvartira_61_m_210_et._1511240113,4490000,2
355,2, 52.6 , 3,https://www.avito.ru/kazan/kvartiry/2-k_kvartira_52.6_m_39_et._1791341913,4600000,2 
356,1, 47 , 16,https://www.avito.ru/kazan/kvartiry/1-k_kvartira_47_m_1617_et._1860189245,3500000,1 
357,3, 64 , 3,https://www.avito.ru/kazan/kvartiry/3-k_kvartira_64_m_310_et._1944401255,3999000,2
358,2, 45 , 5,https://www.avito.ru/kazan/kvartiry/2-k_kvartira_45_m_55_et._1931905120,3650000,3 
359,4, 86 , 1,https://www.avito.ru/kazan/kvartiry/4-k_kvartira_86_m_110_et._1886121857,9500000,3
360,1, 36 , 8,https://www.avito.ru/kazan/kvartiry/1-k_kvartira_36_m_810_et._1886317217,3050000,2 
361,2, 45 , 3,https://www.avito.ru/kazan/kvartiry/2-k_kvartira_45_m_35_et._1945836598,3259000,2 
362,2, 48 , 4,https://www.avito.ru/kazan/kvartiry/2-k_kvartira_48_m_45_et._1915629524,3300000,2
363,1, 35 , 1,https://www.avito.ru/kazan/kvartiry/1-k_kvartira_35_m_13_et._1900033066,2600000,2
364,1, 34.6 , 6,https://www.avito.ru/kazan/kvartiry/1-k_kvartira_34.6_m_69_et._1891782151,3250000,2
365,1, 47.8 , 5,https://www.avito.ru/kazan/kvartiry/1-k_kvartira_47.8_m_55_et._1891289717,3450000,2
366,1, 40 , 19,https://www.avito.ru/kazan/kvartiry/1-k_kvartira_40_m_1920_et._1936931075,4290000,2
367,2, 54.5 , 13,https://www.avito.ru/kazan/kvartiry/2-k_kvartira_54.5_m_1319_et._1892667441,4499999,2
368,2, 60 , 17,https://www.avito.ru/kazan/kvartiry/2-k_kvartira_60_m_1717_et._1854890772,4350000,2
369,3, 65.7 , 4,https://www.avito.ru/kazan/kvartiry/3-k_kvartira_65.7_m_49_et._1925065479,4700000,2
370,2, 59 , 10,https://www.avito.ru/kazan/kvartiry/2-k_kvartira_59_m_1018_et._1908858030,4782000,2 
371,2, 54.5 , 18,https://www.avito.ru/kazan/kvartiry/2-k_kvartira_54.5_m_1819_et._1547552414,5065000,2 
372,1, 42.2 , 5,https://www.avito.ru/kazan/kvartiry/1-k_kvartira_42.2_m_518_et._1908095911,3545000,2 
373,3, 72.8 , 14,https://www.avito.ru/kazan/kvartiry/3-k_kvartira_72.8_m_1418_et._1908911082,5896800,2 
374,3, 90 , 12,https://www.avito.ru/kazan/kvartiry/3-k_kvartira_90_m_1216_et._1896175595,8380000,3
375,1, 41.7 , 12,https://www.avito.ru/kazan/kvartiry/1-k_kvartira_41.7_m_1218_et._1908379625,3501960,2 
376,1, 37 , 8,https://www.avito.ru/kazan/kvartiry/1-k_kvartira_37_m_810_et._1860158168,3270000,1
377,1, 39 , 1,https://www.avito.ru/kazan/kvartiry/1-k_kvartira_39_m_110_et._1860807906,3370000,1 
378,4, 150 , 9,https://www.avito.ru/kazan/kvartiry/4-k_kvartira_150_m_922_et._1888569008,29988888,3 
379,2, 60.4 , 1,https://www.avito.ru/kazan/kvartiry/2-k_kvartira_60.4_m_19_et._1860409895,6100000,1
380,2, 50 , 9,https://www.avito.ru/kazan/kvartiry/2-k_kvartira_50_m_926_et._1922599700,4550000,3
381,1, 40.2 , 12,https://www.avito.ru/kazan/kvartiry/1-k_kvartira_40.2_m_1219_et._1848622844,4500000,2
382,3, 58 , 4,https://www.avito.ru/kazan/kvartiry/3-k_kvartira_58_m_45_et._1915875449,4500000,3 
383,2, 52.5 , 2,https://www.avito.ru/kazan/kvartiry/2-k_kvartira_52.5_m_210_et._1778327940,4270000,2
384,2, 43.4 , 2,https://www.avito.ru/kazan/kvartiry/2-k_kvartira_43.4_m_25_et._1945659092,3350000,2
385,3, 130 , 3,https://www.avito.ru/kazan/kvartiry/3-k_kvartira_130_m_35_et._1881690025,24350000,4
386,1, 34.5 , 11,https://www.avito.ru/kazan/kvartiry/1-k_kvartira_34.5_m_1119_et._1895566928,3690000,3 
387,0.5, 28.3 , 12,https://www.avito.ru/kazan/kvartiry/studiya_28.3_m_1219_et._1924646265,3050000,2
388,1, 31.6 , 5,https://www.avito.ru/kazan/kvartiry/1-k_kvartira_31.6_m_59_et._1828023064,3370000,3
389,1, 33 , 1,https://www.avito.ru/kazan/kvartiry/1-k_kvartira_33_m_15_et._1910825974,2850000,3
390,2, 42 , 3,https://www.avito.ru/kazan/kvartiry/2-k_kvartira_42_m_35_et._1856411368,3840000,3 
391,1, 18 , 5,https://www.avito.ru/kazan/kvartiry/1-k_kvartira_18_m_55_et._1924250269,1620000,1
392,3, 75 , 9,https://www.avito.ru/kazan/kvartiry/3-k_kvartira_75_m_922_et._1947546414,5700000,3 
393,2, 67 , 5,https://www.avito.ru/kazan/kvartiry/2-k_kvartira_67_m_511_et._1764091550,5280000,2
394,1, 31 , 7,https://www.avito.ru/kazan/kvartiry/1-k_kvartira_31_m_710_et._1847168949,3100000,2 
395,1, 36 , 3,https://www.avito.ru/kazan/kvartiry/1-k_kvartira_36_m_310_et._1911392292,3500000,2
396,2, 42.5 , 3,https://www.avito.ru/kazan/kvartiry/2-k_kvartira_42.5_m_33_et._1854144395,2100000,1 
397,2, 46 , 1,https://www.avito.ru/kazan/kvartiry/2-k_kvartira_46_m_19_et._1867662274,3580000,3
398,1, 41 , 11,https://www.avito.ru/kazan/kvartiry/1-k_kvartira_41_m_1121_et._1947921624,3600000,2 
399,2, 41.1 , 4,https://www.avito.ru/kazan/kvartiry/2-k_kvartira_41.1_m_45_et._1912416904,3200000,1
400,1, 35 , 5,https://www.avito.ru/kazan/kvartiry/1-k_kvartira_35_m_55_et._1910651693,2720000,3 
401,2, 104.4 , 2,https://www.avito.ru/kazan/kvartiry/2-k_kvartira_104.4_m_217_et._1949472838,7650000,3 
402,1, 32.9 , 6,https://www.avito.ru/kazan/kvartiry/1-k_kvartira_32.9_m_619_et._1916016837,3385610,2
403,2, 64 , 6,https://www.avito.ru/kazan/kvartiry/2-k_kvartira_64_m_618_et._1928585691,3760000,1
404,2, 54 , 3,https://www.avito.ru/kazan/kvartiry/2-k_kvartira_54_m_39_et._1724705599,4860000,3
405,1, 37 , 2,https://www.avito.ru/kazan/kvartiry/1-k_kvartira_37_m_29_et._1931977417,3290000,2 
406,1, 39 , 12,https://www.avito.ru/kazan/kvartiry/1-k_kvartira_39_m_1219_et._1878790491,4150000,2
407,1, 35 , 3,https://www.avito.ru/kazan/kvartiry/1-k_kvartira_35_m_310_et._1922535336,3350000,1
408,1, 51 , 13,https://www.avito.ru/kazan/kvartiry/1-k_kvartira_51_m_1320_et._1924537993,4990000,3 
409,2, 43.4 , 5,https://www.avito.ru/kazan/kvartiry/2-k_kvartira_43.4_m_55_et._1900931147,3680000,1 
410,3, 152 , 19,https://www.avito.ru/kazan/kvartiry/3-k_kvartira_152_m_1923_et._1907129417,18868000,3
411,1, 34 , 5,https://www.avito.ru/kazan/kvartiry/1-k_kvartira_34_m_56_et._1895550919,2850000,2
412,1, 31 , 14,https://www.avito.ru/kazan/kvartiry/1-k_kvartira_31_m_1419_et._1832472443,2750000,2
413,3, 72 , 17,https://www.avito.ru/kazan/kvartiry/3-k_kvartira_72_m_1719_et._1937602466,5900000,3
414,2, 56 , 6,https://www.avito.ru/kazan/kvartiry/2-k_kvartira_56_m_610_et._1907416135,4500000,2 
415,1, 38.4 , 6,https://www.avito.ru/kazan/kvartiry/1-k_kvartira_38.4_m_66_et._1887955750,3600000,1 
416,1, 30 , 5,https://www.avito.ru/kazan/kvartiry/1-k_kvartira_30_m_55_et._1933163408,3900000,3
417,2, 43 , 2,https://www.avito.ru/kazan/kvartiry/2-k_kvartira_43_m_25_et._1914466677,3590000,1
418,1, 29.5 , 8,https://www.avito.ru/kazan/kvartiry/1-k_kvartira_29.5_m_819_et._1883690118,3580000,3
419,2, 43 , 2,https://www.avito.ru/kazan/kvartiry/2-k_kvartira_43_m_25_et._1905637032,3290000,3
420,1, 30 , 8,https://www.avito.ru/kazan/kvartiry/1-k_kvartira_30_m_816_et._1910096709,2799000,3 
421,0.5, 37 , 1,https://www.avito.ru/kazan/kvartiry/studiya_37_m_16_et._1917880985,1989998,2
422,1, 47.8 , 5,https://www.avito.ru/kazan/kvartiry/1-k_kvartira_47.8_m_55_et._1891289717,3450000,2
423,1, 45 , 3,https://www.avito.ru/kazan/kvartiry/1-k_kvartira_45_m_33_et._1919616128,1920000,2
424,1, 40 , 19,https://www.avito.ru/kazan/kvartiry/1-k_kvartira_40_m_1920_et._1936931075,4290000,2
425,3, 80 , 2,https://www.avito.ru/kazan/kvartiry/3-k_kvartira_80_m_211_et._1898663907,7700000,3 
426,1, 38 , 7,https://www.avito.ru/kazan/kvartiry/1-k_kvartira_38_m_718_et._1758409801,3800000,2 
427,1, 43 , 1,https://www.avito.ru/kazan/kvartiry/1-k_kvartira_43_m_15_et._1945557765,3350000,2
428,2, 68 , 6,https://www.avito.ru/kazan/kvartiry/2-k_kvartira_68_m_610_et._1913463766,7250000,3
429,1, 50 , 3,https://www.avito.ru/kazan/kvartiry/1-k_kvartira_50_m_310_et._1907060826,3900000,2 
430,1, 41.4 , 16,https://www.avito.ru/kazan/kvartiry/1-k_kvartira_41.4_m_1620_et._1912280214,3370000,2
431,2, 64 , 3,https://www.avito.ru/kazan/kvartiry/2-k_kvartira_64_m_310_et._1939660648,5010000,2
432,1, 45 , 3,https://www.avito.ru/kazan/kvartiry/1-k_kvartira_45_m_39_et._1947347598,3420000,2
433,0.5, 22.1 , 2,https://www.avito.ru/kazan/kvartiry/studiya_22.1_m_27_et._1900730939,1976000,1
434,2, 42 , 2,https://www.avito.ru/kazan/kvartiry/2-k_kvartira_42_m_25_et._1947830555,2399000,1
435,2, 46.4 , 4,https://www.avito.ru/kazan/kvartiry/2-k_kvartira_46.4_m_45_et._1866161256,3100000,3
436,3, 69 , 4,https://www.avito.ru/kazan/kvartiry/3-k_kvartira_69_m_49_et._1781899891,5500000,3
437,1, 51.2 , 4,https://www.avito.ru/kazan/kvartiry/1-k_kvartira_51.2_m_416_et._1558801731,4991000,3 
438,1, 45 , 7,https://www.avito.ru/kazan/kvartiry/1-k_kvartira_45_m_719_et._1930860109,3450000,2
439,0.5, 53 , 9,https://www.avito.ru/kazan/kvartiry/studiya_53_m_922_et._1937441556,7260000,3
440,1, 30 , 1,https://www.avito.ru/kazan/kvartiry/1-k_kvartira_30_m_15_et._1912231770,2500000,1
441,2, 44.3 , 4,https://www.avito.ru/kazan/kvartiry/2-k_kvartira_44.3_m_49_et._1780788112,4300000,2 
442,1, 53 , 9,https://www.avito.ru/kazan/kvartiry/1-k_kvartira_53_m_922_et._1902239533,7299000,3
443,0.5, 27 , 2,https://www.avito.ru/kazan/kvartiry/studiya_27_m_23_et._1888811065,1450000,2 
444,1, 12.3 , 8,https://www.avito.ru/kazan/kvartiry/1-k_kvartira_12.3_m_89_et._1935193505,1430000,3 
445,2, 43.5 , 10,https://www.avito.ru/kazan/kvartiry/2-k_kvartira_43.5_m_1016_et._1918324814,3900000,2 
446,1, 35.2 , 2,https://www.avito.ru/kazan/kvartiry/1-k_kvartira_35.2_m_23_et._1847609932,2350000,2
447,2, 54 , 5,https://www.avito.ru/kazan/kvartiry/2-k_kvartira_54_m_512_et._1856600293,4030000,2 
448,1, 32.1 , 2,https://www.avito.ru/kazan/kvartiry/1-k_kvartira_32.1_m_23_et._1886762151,1750000,2
449,1, 40.5 , 2,https://www.avito.ru/kazan/kvartiry/1-k_kvartira_40.5_m_23_et._1886343285,2000000,2
450,2, 62 , 13,https://www.avito.ru/kazan/kvartiry/2-k_kvartira_62_m_1318_et._1856621449,10690000,3
451,2, 37 , 1,https://www.avito.ru/kazan/kvartiry/2-k_kvartira_37_m_15_et._1899047811,2250000,1
452,4, 122.3 , 5,https://www.avito.ru/kazan/kvartiry/4-k_kvartira_122.3_m_56_et._1937302276,9600000,2 
453,2, 59 , 17,https://www.avito.ru/kazan/kvartiry/2-k_kvartira_59_m_1717_et._1939323700,5890000,3 
454,1, 19 , 1,https://www.avito.ru/kazan/kvartiry/1-k_kvartira_19_m_15_et._1839772738,1100000,1
455,2, 52 , 9,https://www.avito.ru/kazan/kvartiry/2-k_kvartira_52_m_914_et._1858763402,3982500,1 
456,1, 29 , 4,https://www.avito.ru/kazan/kvartiry/1-k_kvartira_29_m_45_et._1760394470,4395000,3
457,1, 31 , 7,https://www.avito.ru/kazan/kvartiry/1-k_kvartira_31_m_77_et._1760358310,5219000,3
458,3, 73.7 , 2,https://www.avito.ru/kazan/kvartiry/3-k_kvartira_73.7_m_24_et._1883401309,3999000,2 
459,2, 45 , 5,https://www.avito.ru/kazan/kvartiry/2-k_kvartira_45_m_55_et._1867709678,3600000,3
460,2, 44 , 5,https://www.avito.ru/kazan/kvartiry/2-k_kvartira_44_m_55_et._1895770283,3550000,2
461,2, 50 , 1,https://www.avito.ru/kazan/kvartiry/2-k_kvartira_50_m_116_et._1822482360,2800000,1 
462,0.5, 23 , 1,https://www.avito.ru/kazan/kvartiry/studiya_23_m_13_et._1902337636,1599000,2
463,0.5, 32 , 8,https://www.avito.ru/kazan/kvartiry/studiya_32_m_819_et._1806108033,2450000,2
464,2, 41.8 , 9,https://www.avito.ru/kazan/kvartiry/2-k_kvartira_41.8_m_915_et._1870496398,5200000,3 
465,3, 67.1 , 4,https://www.avito.ru/kazan/kvartiry/3-k_kvartira_67.1_m_410_et._1835132406,3560000,1
466,2, 57.4 , 9,https://www.avito.ru/kazan/kvartiry/2-k_kvartira_57.4_m_99_et._1870503054,4500000,2
467,3, 100 , 4,https://www.avito.ru/kazan/kvartiry/3-k_kvartira_100_m_419_et._1838018516,6100000,3 
468,1, 33.2 , 3,https://www.avito.ru/kazan/kvartiry/1-k_kvartira_33.2_m_35_et._1946878160,3250000,2
469,4, 208 , 3,https://www.avito.ru/kazan/kvartiry/4-k_kvartira_208_m_318_et._746296421,22000000,3 
470,1, 18 , 5,https://www.avito.ru/kazan/kvartiry/1-k_kvartira_18_m_59_et._1924395336,1399000,2
471,0.5, 18 , 3,https://www.avito.ru/kazan/kvartiry/studiya_18_m_33_et._1921019015,1460000,3 
472,3, 98 , 6,https://www.avito.ru/kazan/kvartiry/3-k_kvartira_98_m_69_et._1894273794,11950000,3 
473,1, 40 , 18,https://www.avito.ru/kazan/kvartiry/1-k_kvartira_40_m_1823_et._1894692393,3950000,3
474,3, 81.4 , 1,https://www.avito.ru/kazan/kvartiry/3-k_kvartira_81.4_m_110_et._1897019276,6600000,2
475,0.5, 32 , 6,https://www.avito.ru/kazan/kvartiry/studiya_32_m_619_et._929988496,2290000,2
476,3, 65.2 , 1,https://www.avito.ru/kazan/kvartiry/3-k_kvartira_65.2_m_19_et._1899797034,4350000,1
477,1, 45 , 9,https://www.avito.ru/kazan/kvartiry/1-k_kvartira_45_m_99_et._1933039484,4300000,3
478,1, 32 , 2,https://www.avito.ru/kazan/kvartiry/1-k_kvartira_32_m_25_et._1949926486,1990000,2
479,3, 66 , 3,https://www.avito.ru/kazan/kvartiry/3-k_kvartira_66_m_39_et._1942821621,4600000,3 
480,2, 59 , 21,https://www.avito.ru/kazan/kvartiry/2-k_kvartira_59_m_2125_et._1918236349,4738000,3 
481,1, 46 , 5,https://www.avito.ru/kazan/kvartiry/1-k_kvartira_46_m_518_et._1927315866,4700000,2 
482,2, 50 , 5,https://www.avito.ru/kazan/kvartiry/2-k_kvartira_50_m_59_et._1937774016,4150000,3
483,1, 21 , 6,https://www.avito.ru/kazan/kvartiry/1-k_kvartira_21_m_69_et._1947829023,1980000,1 
484,1, 34 , 3,https://www.avito.ru/kazan/kvartiry/1-k_kvartira_34_m_39_et._1890481310,2920000,3
485,2, 43 , 1,https://www.avito.ru/kazan/kvartiry/2-k_kvartira_43_m_15_et._1889990196,2460000,1
486,1, 48 , 1,https://www.avito.ru/kazan/kvartiry/1-k_kvartira_48_m_110_et._1804971619,4000000,2 
487,3, 63 , 4,https://www.avito.ru/kazan/kvartiry/3-k_kvartira_63_m_45_et._1884370364,4300000,2 
488,3, 58 , 1,https://www.avito.ru/kazan/kvartiry/3-k_kvartira_58_m_15_et._1930134224,3450000,3
489,1, 41.3 , 17,https://www.avito.ru/kazan/kvartiry/1-k_kvartira_41.3_m_1720_et._1934002752,3800000,2 
490,0.5, 15 , 2,https://www.avito.ru/kazan/kvartiry/studiya_15_m_25_et._1878831394,1250000,1
491,1, 53 , 7,https://www.avito.ru/kazan/kvartiry/1-k_kvartira_53_m_78_et._1937832022,3800000,2 
492,2, 63.2 , 2,https://www.avito.ru/kazan/kvartiry/2-k_kvartira_63.2_m_29_et._918763771,5929000,3
493,2, 54.5 , 13,https://www.avito.ru/kazan/kvartiry/2-k_kvartira_54.5_m_1319_et._1892667441,4499999,2
494,1, 44 , 4,https://www.avito.ru/kazan/kvartiry/1-k_kvartira_44_m_416_et._1919787460,3799000,2
495,1, 38.6 , 13,https://www.avito.ru/kazan/kvartiry/1-k_kvartira_38.6_m_1319_et._1905167566,2450000,1
496,1, 57 , 14,https://www.avito.ru/kazan/kvartiry/1-k_kvartira_57_m_1416_et._1948281623,3800000,2 
497,2, 54.3 , 7,https://www.avito.ru/kazan/kvartiry/2-k_kvartira_54.3_m_79_et._1937174649,4100000,2 
498,6, 320 , 3,https://www.avito.ru/kazan/kvartiry/6-k_kvartira_320_m_33_et._1830958653,119000000,4 
499,1, 53 , 10,https://www.avito.ru/kazan/kvartiry/1-k_kvartira_53_m_1010_et._1875812146,3999000,2
500,2, 72 , 7,https://www.avito.ru/kazan/kvartiry/2-k_kvartira_72_m_77_et._1129691104,5500000,2 
501,1, 40 , 5,https://www.avito.ru/kazan/kvartiry/1-k_kvartira_40_m_59_et._1788154330,3650000,2
502,1, 36 , 7,https://www.avito.ru/kazan/kvartiry/1-k_kvartira_36_m_711_et._1922861339,3600000,2
503,1, 16.8 , 3,https://www.avito.ru/kazan/kvartiry/1-k_kvartira_16.8_m_35_et._1943269262,1750000,1 
504,1, 39.4 , 19,https://www.avito.ru/kazan/kvartiry/1-k_kvartira_39.4_m_1919_et._1899866775,2600000,2
505,1, 45.4 , 18,https://www.avito.ru/kazan/kvartiry/1-k_kvartira_45.4_m_1824_et._1911642372,3820000,2
506,1, 36.2 , 4,https://www.avito.ru/kazan/kvartiry/1-k_kvartira_36.2_m_410_et._1927798428,3450000,2
507,2, 72 , 7,https://www.avito.ru/kazan/kvartiry/2-k_kvartira_72_m_78_et._1795052677,5500000,2 
508,3, 118 , 8,https://www.avito.ru/kazan/kvartiry/3-k_kvartira_118_m_820_et._1949672153,8802000,3 
509,2, 43 , 2,https://www.avito.ru/kazan/kvartiry/2-k_kvartira_43_m_25_et._1914466677,3590000,1
510,1, 39 , 4,https://www.avito.ru/kazan/kvartiry/1-k_kvartira_39_m_410_et._1924745064,4300000,2 
511,1, 33.5 , 8,https://www.avito.ru/kazan/kvartiry/1-k_kvartira_33.5_m_812_et._1916295613,2948000,2 
512,1, 57 , 2,https://www.avito.ru/kazan/kvartiry/1-k_kvartira_57_m_220_et._1949152397,4113000,3 
513,2, 52.9 , 5,https://www.avito.ru/kazan/kvartiry/2-k_kvartira_52.9_m_59_et._1873078680,3495000,2
514,1, 31 , 17,https://www.avito.ru/kazan/kvartiry/1-k_kvartira_31_m_1719_et._1944814189,2730000,2
515,3, 79.1 , 11,https://www.avito.ru/kazan/kvartiry/3-k_kvartira_79.1_m_1115_et._1850511720,6380000,3 
516,2, 45.8 , 1,https://www.avito.ru/kazan/kvartiry/2-k_kvartira_45.8_m_19_et._1912626446,3500000,1
517,2, 46 , 3,https://www.avito.ru/kazan/kvartiry/2-k_kvartira_46_m_35_et._1935371871,3380000,3 
518,2, 50.1 , 10,https://www.avito.ru/kazan/kvartiry/2-k_kvartira_50.1_m_1010_et._1923121728,3900000,1 
519,1, 37 , 10,https://www.avito.ru/kazan/kvartiry/1-k_kvartira_37_m_1019_et._1782001364,3599000,3 
520,2, 45.9 , 4,https://www.avito.ru/kazan/kvartiry/2-k_kvartira_45.9_m_45_et._1855464647,3100000,1 
521,1, 32 , 9,https://www.avito.ru/kazan/kvartiry/1-k_kvartira_32_m_918_et._1947379485,3000000,2
522,1, 44 , 11,https://www.avito.ru/kazan/kvartiry/1-k_kvartira_44_m_1114_et._1887382056,3590000,3 
523,1, 33 , 5,https://www.avito.ru/kazan/kvartiry/1-k_kvartira_33_m_59_et._1411418385,3100000,2 
524,2, 39.1 , 2,https://www.avito.ru/kazan/kvartiry/2-k_kvartira_39.1_m_22_et._1888448058,1500000,1
